date,tavg,tmin,tmax,prcp,snow,wdir,wspd,wpgt,pres,tsun
2022-03-01,2.8,-6.7,12.3,0,20,167,12.7,45,1015.1,
2022-03-02,-6.8,-7.8,-5.5,1.2,20,124,11.3,,1025.6,
2022-03-03,-7.9,-9.6,-6.2,4.7,20,66,10.3,,1023.7,
2022-03-04,-8.2,-10.6,-5.8,1.2,70,11,17.8,42,1024.1,
2022-03-05,-5.9,-10,-1.8,0.4,60,11,9,35,1026.4,
2022-03-06,-3,-7.1,1.1,0,40,309,13.1,35,1027.9,
2022-03-07,-1.3,-6.8,4.2,0,30,330,30.2,68,1022.1,
2022-03-08,-9.4,-11.6,-6.7,0.6,30,355,23.7,61,1034.2,
2022-03-09,-13,-15.9,-9.7,0,30,326,14.7,35,1030.5,
2022-03-10,-7.7,-12.9,-4.9,0,40,324,18.2,54,1023.2,
2022-03-11,-5.2,-15.6,5.2,0,40,201,14.7,54,1019.5,
2022-03-12,5.3,1.1,9.5,0,20,259,18.4,53,1005.5,
2022-03-13,0.7,-2.2,3.5,0,10,,,,,
2022-03-14,5.2,-2.4,12.7,0,0,212,14.9,53,1010.1,
2022-03-15,5.9,-0.7,12.4,0,0,283,15.8,64,1004.7,
2022-03-16,5.1,0.4,9.7,0,0,290,19.8,52,1012.7,
2022-03-17,4.7,-2.8,12.1,0,,259,17.3,46,1013.1,
2022-03-18,3.1,-4.1,10.3,0,,295,15.3,42,1011.4,
2022-03-19,3.8,-4.2,11.8,0,,240,7.8,,1005.9,
2022-03-20,2,-1.5,5.5,0.6,0,323,24.2,58,1010,
2022-03-21,5.8,0.3,11.2,0,0,290,21,49,1016.7,
2022-03-22,7.1,-1,15.2,0,,238,13,33,1020.8,
2022-03-23,9.8,1.1,18.4,0,,253,13.3,79,1010.4,
2022-03-24,1.5,-2.7,5.7,0.4,0,341,19.6,78,1022.1,
2022-03-25,1.2,-6.2,8.6,0,,172,11.9,36,1021.3,
2022-03-26,-0.2,-6.5,6.1,0,,107,10.3,,1017.9,
2022-03-27,5.5,-4.4,15.3,0,,75,10.3,40,1008.3,
2022-03-28,-0.3,-2.4,3,,,359,23.6,,1008.1,
2022-03-29,2,-6.5,10.4,0,10,210,9.8,,1016.3,
2022-03-30,7.1,-3.5,17.7,0.2,0,263,17.1,73,1005.5,
2022-03-31,4.3,0.4,8.1,0,0,344,21.1,72,1009.4,
2022-04-01,3,-3.5,9.4,0,,168,10.5,32,1012.7,
2022-04-02,4.9,-2,11.7,0,,302,13.8,64,1010.7,
2022-04-03,2.4,-5.3,10,0,,216,11.7,44,1010.1,
2022-04-04,6.9,0.3,13.5,0,,224,25.1,73,986.8,
2022-04-05,6.3,2.7,9.8,0,,325,28.2,63,1002,
2022-04-06,3.9,-0.9,8.7,0,,4,13.5,37,1026.5,
2022-04-07,6.5,-4.6,17.5,0,,178,13.5,38,1026.3,
2022-04-08,12.9,4.6,21.1,0,,238,21.8,74,1003.5,
2022-04-09,4.2,1.6,6.8,0.4,,334,17.7,56,1007,
2022-04-10,-1.2,-5.5,3.2,0,,357,27.9,61,1012.1,
2022-04-11,-4.1,-8.7,0.6,0,,2,24.1,55,1015.9,
2022-04-12,-9.5,-11.2,-7.8,0.6,10,16,25.4,42,1029.2,
2022-04-13,-7.7,-10.2,-5.2,1.8,0,9,21.2,43,1031,
2022-04-14,-7.8,-10.3,-5.3,1.2,10,15,15.5,37,1025.8,
2022-04-15,-5.8,-9.5,-2,1,30,30,8.6,,1024.1,
2022-04-16,-3.3,-10.7,4.2,0,,156,13.9,35,1019.3,
2022-04-17,-1.1,-8.2,6,0,,26,11.9,37,1022.5,
2022-04-18,1.3,-7.2,9.7,0,,176,21.2,51,1015.9,
2022-04-19,0.6,-2.4,3.6,21.2,30,27,20.7,56,998.7,
2022-04-20,-1.5,-3.8,0.8,0.6,210,23,20,55,1014,
2022-04-21,0.4,-4.8,5.5,0,120,156,23.8,58,1012.1,
2022-04-22,0.7,-0.6,2,11.8,60,22,11.5,,1015.4,
2022-04-23,4.1,-2.1,10.3,0,50,353,11.1,,1022.2,
2022-04-24,7,-1.2,15.1,0,,105,8.7,36,1020.4,
2022-04-25,8.4,-0.5,17.3,0,,226,8.8,40,1012.7,
2022-04-26,9.3,3.8,14.7,2,0,218,13.9,50,1005.3,
2022-04-27,5.9,-0.3,12,0,0,299,18.6,47,1007,
2022-04-28,3.8,-4.3,11.8,0,0,341,8.5,,1011,
2022-04-29,6.2,-0.3,12.6,0,,11,12.3,39,1016.5,
2022-04-30,6.7,-0.5,13.8,0,,108,14,47,1018.5,
2022-05-01,9.4,3.9,14.9,0,,204,17.6,51,1014.6,
2022-05-02,9.1,1.6,16.5,0,,43,9.1,,1008.5,
2022-05-03,10.8,2.7,18.8,0,,282,11.3,35,1010.3,
2022-05-04,14.2,8.3,20.1,0,,259,13.5,46,1006.7,
2022-05-05,15.2,9.4,20.9,0,,208,14.5,48,998.8,
2022-05-06,11.8,6.8,16.8,0,,285,24.8,69,991.2,
2022-05-07,9.3,2.8,15.7,0,,9,14.1,47,995.4,
2022-05-08,5.6,0.3,10.9,3.8,0,265,13.7,61,998,
2022-05-09,4.5,0.4,8.5,1,0,152,12.3,32,1002.3,
2022-05-10,4.8,-0.1,9.6,1.2,,68,11.7,53,1010.8,
2022-05-11,7,0.8,13.2,0,,232,7.7,,1016.4,
2022-05-12,8.1,-0.5,16.7,0,,185,13.1,54,1014,
2022-05-13,6.5,-0.8,13.7,0,,240,11.3,38,1009.2,
2022-05-14,10,3.5,16.5,0,,321,14.8,42,1012,
2022-05-15,9.8,1.2,18.4,0,,257,10.1,34,1012.9,
2022-05-16,13.5,6,21,0,,274,16.7,46,1005.3,
2022-05-17,8.7,4.5,12.8,2.7,,2,19.1,52,1013.2,
2022-05-18,9.5,1.9,17.1,0,,244,21.9,79,1007.6,
2022-05-19,4.6,1.8,7.4,3.2,,342,36.2,78,1006.9,
2022-05-20,4.7,1.9,8.2,,,349,26.7,,1022.6,
2022-05-21,5.7,0.5,10.7,0,,25,11.1,,1025.9,
2022-05-22,7.6,-1.5,16.6,0,,264,10.2,41,1019,
2022-05-23,10.1,1.5,18.7,0.2,,265,9.5,53,1012.5,
2022-05-24,12.4,7.4,17.4,0,,325,12.8,47,1010,
2022-05-25,13.6,7.2,20,0,,296,15.1,56,1005.7,
2022-05-26,12.6,4.8,20.3,0,,300,9.1,39,1007.6,
2022-05-27,15.6,9.7,21.5,0,,273,15.1,58,1000,
2022-05-28,13.6,8.1,19.1,0,,320,11.4,37,999.3,
2022-05-29,12,8.2,15.7,0,,7,23.7,53,1004.4,
2022-05-30,11.4,6.9,15.9,0,,4,28.1,49,1018.4,
2022-05-31,10.3,2.4,18.1,0,,21,6.7,,1022.7,
2022-06-01,13.3,7.6,19,0,,34,8.5,,1019.4,
2022-06-02,11.7,2.1,21.2,0,,159,12.6,43,1016.8,
2022-06-03,15.9,7,21.7,0,,168,20.2,55,1008.4,
2022-06-04,15.6,9.5,21.7,1.2,,154,16.1,49,1004.3,
2022-06-05,11.9,7.7,16.1,10.9,,78,15.7,45,1004.9,
2022-06-06,13.6,9.6,17.6,24.2,,354,13,57,1009,
2022-06-07,12.8,8.8,16.8,3.8,,27,17.1,46,1016.3,
2022-06-08,14.4,6.5,22.2,0,,211,16.6,48,1009.7,
2022-06-09,15.5,7.7,23.3,0,,266,13.1,46,1006.9,
2022-06-10,16.6,9.3,23.9,0,,277,19.3,53,1000.9,
2022-06-11,17.4,12.7,22,0,,337,14,48,1001.4,
2022-06-12,13.3,7.9,18.6,2.8,,24,13.3,36,1002.8,
2022-06-13,12.1,9.2,15,26.1,,353,19.8,49,1002.4,
2022-06-14,10.2,8.1,12.3,34.3,,337,39.7,93,999.1,
2022-06-15,12.7,9.2,16.1,1.8,,331,41.7,82,1007.8,
2022-06-16,13.7,8,19.3,0,,168,14.8,45,1012.3,
2022-06-17,16.4,12,20.7,1.2,,74,15.8,35,1005.6,
2022-06-18,15.7,12.9,19.9,7.6,,16,9.2,47,1003.6,
2022-06-19,15.3,11,19.5,0,,358,12.5,41,1008.9,
2022-06-20,14.5,9.6,19.4,0.8,,349,19.8,51,1014.2,
2022-06-21,15.3,7.6,23,0,,256,10,46,1015.8,
2022-06-22,19,11.7,26.3,0,,267,15.4,63,1008.1,
2022-06-23,10.3,7.2,13.3,14.8,,15,17.5,51,1010,
2022-06-24,11.1,6.9,15.2,2,,346,30.6,71,1019.4,
2022-06-25,13.5,7.3,19.7,0,,337,12.4,31,1026.1,
2022-06-26,15.6,7.3,23.9,0,,146,9.3,34,1020.8,
2022-06-27,16.6,8.3,24.8,0,,50,10.6,62,1017.9,
2022-06-28,16.7,10.2,23.1,1.4,,133,16.1,45,1013.6,
2022-06-29,14.5,10.5,18.4,5,,351,13.4,51,1009.3,
2022-06-30,15.5,10.1,20.8,0,,343,12.1,37,1016.9,
2022-07-01,17.2,10.8,23.5,17.6,,235,10.5,49,1013.3,
2022-07-02,13.8,10.6,17,1,,30,11.6,33,1016.6,
2022-07-03,12.1,10.2,13.9,0.6,,61,7.5,,1016.4,
2022-07-04,12.5,10.4,14.6,5.7,,44,11.5,31,1014.4,
2022-07-05,15.8,9.7,21.8,10.4,,294,11,40,1010.5,
2022-07-06,12.9,7.6,18.1,0,,63,9.9,,1016,
2022-07-07,17.8,12.4,23.6,17,,147,14.4,104,1011,
2022-07-08,19.4,10.6,25.4,0,,64,8.5,86,1010.4,
2022-07-09,18.9,11.9,25.8,0.2,,88,13.7,46,1011,
2022-07-10,17.9,11.4,24.4,0.4,,294,14.7,48,1013.5,
2022-07-11,18,11,25,0,,182,17.5,45,1014.8,
2022-07-12,21.9,13.7,30.1,0,,191,17.3,49,1006.6,
2022-07-13,18.3,12.1,24.5,0,,31,15.5,45,1005.7,
2022-07-14,20,12.4,28.1,0,,156,14,,1009.7,
2022-07-15,21.3,12.5,30,0,,62,10.3,41,1007.1,
2022-07-16,22.5,13.8,28.1,0,,56,15.8,37,1006.7,
2022-07-17,19.5,15.2,23.8,0,,42,15.2,36,1009.6,
2022-07-18,16.4,12.9,19.8,3,,188,14.6,57,1006.7,
2022-07-19,21.4,13.8,28.9,0,,302,17.8,50,1006.1,
2022-07-20,17.6,9.6,25.5,0,,144,13.7,34,1011.8,
2022-07-21,19.7,11.2,28.2,0,,127,11.2,42,1007.8,
2022-07-22,17.7,12.3,23.1,0.8,,347,14.9,47,1011,
2022-07-23,18.5,11.5,25.4,0,,155,13.6,39,1013.5,
2022-07-24,19.8,12.5,27.1,0,,44,13.5,32,1012.5,
2022-07-25,17.6,13.3,21.9,1.4,,19,12.5,33,1015.6,
2022-07-26,19.2,14,24.4,0,,20,8,,1015.5,
2022-07-27,21.8,15,28.6,0,,128,11.4,39,1014.3,
2022-07-28,22.9,14.8,30.9,0,,159,16.8,42,1012,
2022-07-29,23.5,15.3,31.7,2.8,,5,12.2,68,1008.1,
2022-07-30,21.8,15.3,28.2,3.2,,344,11.6,57,1012,
2022-07-31,21.7,13.5,29.8,0,,43,12.4,39,1009.6,
2022-08-01,22.4,14.1,30.7,0,,106,20.5,74,1004.9,
2022-08-02,18.8,13.7,23.8,0.2,,8,15.1,51,1006.4,
2022-08-03,21,13.8,28.2,0,,189,13.5,33,1004.3,
2022-08-04,16.2,10.5,21.9,0,,337,15.9,51,1003.4,
2022-08-05,13.7,8.7,18.7,0,,352,21.3,52,1015.6,
2022-08-06,16.7,7.3,26.1,0,,175,15.3,40,1014,
2022-08-07,21.7,13.4,30,0,,219,11.4,32,1010,
2022-08-08,21.7,14,29.3,0,,337,19.4,49,1009.8,
2022-08-09,20.6,13.7,27.5,0,,143,20,46,1016.3,
2022-08-10,22.1,16.4,27.7,0,,161,11.4,32,1013.8,
2022-08-11,23.7,15.6,31.7,0,,307,17.7,54,1011,
2022-08-12,22.9,14.2,31.6,5.6,,129,11.2,59,1012.6,
2022-08-13,22.4,14,30.7,0,,281,12.3,39,1008.3,
2022-08-14,20.4,12.4,28.4,0,,158,12.1,43,1011.9,
2022-08-15,19.6,12.2,27,0,,357,12.3,,1013.3,
2022-08-16,20.7,10.3,31.1,0,,345,9.5,59,1012.3,
2022-08-17,20.2,13.1,27.3,0,,27,10.3,33,1019.1,
2022-08-18,21.4,11.7,31,0,,118,12.4,42,1016,
2022-08-19,23.8,15.8,31.7,0,,164,17.9,48,1010.2,
2022-08-20,21.2,15.1,27.2,0,,347,10.7,,1008.7,
2022-08-21,20.7,15.1,26.2,3.2,,354,14,39,1014.9,
2022-08-22,20.1,12.8,27.4,8.6,,40,7.8,75,1015.5,
2022-08-23,16.6,14.9,18.2,1.9,,327,9.1,49,1018.5,
2022-08-24,18.9,13,24.7,0,,269,8.8,36,1018.9,
2022-08-25,17.7,10.6,24.8,0,,198,11,36,1015.5,
2022-08-26,19.6,11.7,27.5,0,,267,12,62,1004,
2022-08-27,15.4,10.7,20.1,10.6,,321,18.7,64,999.7,
2022-08-28,16.5,10.5,22.4,0,,298,16,40,1005.6,
2022-08-29,18.6,9.4,27.7,0,,237,12.6,43,1010.8,
2022-08-30,21.6,12.6,30.5,0,,189,8,,1013,
2022-08-31,23.3,14.5,32,0,,268,6.7,33,1010.3,
2022-09-01,21,15.2,26.8,0,,40,13.5,37,1007.9,
2022-09-02,20.6,10.6,30.5,0,,181,13.6,35,1012.5,
2022-09-03,22.3,11.9,32.7,0,,193,7.8,,1007.9,
2022-09-04,24.4,17,31.8,0,,282,15.7,49,1002,
2022-09-05,17.3,10.9,23.7,0,,355,17.6,53,1009.2,
2022-09-06,14.3,5.5,23.1,0,,144,14.5,47,1018.5,
2022-09-07,19.3,9.1,29.4,0,,222,14.9,55,1008.4,
2022-09-08,13.1,9.3,16.8,1.2,,339,10.7,40,1019.1,
2022-09-09,11.5,6.4,16.5,1.8,,309,13.3,52,1021.3,
2022-09-10,15,4,26,0,,203,9.4,,1014.5,
2022-09-11,18.8,8.7,28.9,0,,242,11.3,40,1009.1,
2022-09-12,15.6,11.1,20,0,,16,17.5,39,1015.1,
2022-09-13,15.2,10.2,20.1,0,,40,10.7,32,1008.3,
2022-09-14,15.3,9.5,21.1,0,,4,12.5,32,1010.9,
2022-09-15,15.2,7.5,22.9,0,,237,8.3,,1010.9,
2022-09-16,15,7.8,22.1,0,,215,7.3,,1007.4,
2022-09-17,12.3,6.7,17.8,0,,42,12.3,45,1007.4,
2022-09-18,10.4,2.5,18.3,0,,30,8.8,,1009.6,
2022-09-19,8.4,4.1,12.7,7.8,,342,19.9,59,1012.1,
2022-09-20,7.7,1.6,13.7,0,,344,12.4,34,1023.8,
2022-09-21,8.3,-0.1,16.7,0,,184,18.4,51,1021.6,
2022-09-22,10.8,4,17.5,0,,181,11.2,35,1008.5,
2022-09-23,12.5,5.3,19.6,0,,296,17.9,53,1006.7,
2022-09-24,15.8,9.8,21.7,0,,291,17.1,44,1015.3,
2022-09-25,13.4,3.9,22.9,0,,355,6.8,,1020.2,
2022-09-26,15.7,6.3,25,0,,154,8.9,33,1018.1,
2022-09-27,18.1,8.8,27.3,0,,238,10.9,36,1010.9,
2022-09-28,18.1,7.9,28.2,0,,145,7.5,,1010,
2022-09-29,15.9,9.6,22.1,0,,335,18.7,50,1012.2,
2022-09-30,13,9.6,16.3,0,,353,23.3,48,1019.7,
2022-10-01,13.7,5.4,22,0,,174,9.8,39,1020.9,
2022-10-02,14.3,5,23.6,0,,230,10.3,,1015.7,
2022-10-03,15.1,6.8,23.4,0,,145,7.2,,1017.3,
2022-10-04,15,6.8,23.2,0,,29,8.7,,1016.8,
2022-10-05,11.1,3.9,18.3,0,,61,12.1,39,1024.2,
2022-10-06,9.2,2,16.4,0,,167,13.5,31,1030.9,
2022-10-07,12,3.1,20.8,0,,145,5.3,,1026.8,
2022-10-08,13.2,3.7,22.6,0,,351,5,,1021.9,
2022-10-09,12.7,5.1,20.2,0,,218,6.7,,1018.9,
2022-10-10,13.7,5.2,22.2,3.4,,248,21.1,68,1003.4,
2022-10-11,8.2,2.6,13.8,0,,328,13,36,1011.4,
2022-10-12,8.2,2.8,13.6,0,,323,12.5,41,1022.5,
2022-10-13,10.5,-0.4,21.3,0,,213,7.3,,1020.5,
2022-10-14,13.2,6.5,19.8,0,,325,15.1,62,1013.7,
2022-10-15,9.1,1.8,16.3,0,,194,10.7,,1023.5,
2022-10-16,11.1,2.7,19.4,0,,184,7.1,,1021.5,
2022-10-17,14.6,3.8,25.4,0,,195,8,,1015.7,
2022-10-18,13.9,3.4,24.4,0,,81,5.1,,1019.1,
2022-10-19,13.9,2.8,24.9,0,,245,7.6,,1018.9,
2022-10-20,12.8,5.8,19.8,0,,314,16.2,68,1009.1,
2022-10-21,3.6,0.9,6.2,2.2,0,18,11.3,41,1004.2,
2022-10-22,0.4,-0.3,1,9.6,80,7,15.8,,1006.6,
2022-10-23,-0.9,-4.1,2.4,3.1,110,7,13.5,,1017.7,
2022-10-24,0.5,-5.6,6.5,0,100,249,7.1,,1008.1,
2022-10-25,0.1,-4.2,4.4,0,60,241,11.6,42,1010.6,
2022-10-26,2.5,-4,9,0,50,223,12.7,49,1006.4,
2022-10-27,7.7,2.4,13,0,30,231,24.3,74,1001.8,
2022-10-28,6,-0.3,12.3,0,10,243,10.3,54,1009.6,
2022-10-29,5.3,-1.9,12.4,0,,220,10.2,35,1014.5,
2022-10-30,8.2,3,13.4,0,0,221,18.1,72,1004.4,
2022-10-31,4.3,0.2,8.3,0,,143,12.3,35,1005,
2022-11-01,-0.1,-3.6,3.4,4.5,0,347,20.3,43,1007.5,
2022-11-02,-6.3,-9.2,-3.4,6.4,40,339,31.3,61,1017.1,
2022-11-03,-7.6,-14.3,-0.8,0,,206,8.3,32,1018.6,
2022-11-04,-0.3,-4.6,4.1,0,30,184,8.5,41,997.7,
2022-11-05,-5.9,-10.4,-1.4,3.9,30,344,27.8,68,996.3,
2022-11-06,-12.7,-15,-10.4,2.9,90,6,18.6,42,1028.9,
2022-11-07,-17,-18.9,-15,9.2,110,22,16.9,32,1033.3,
2022-11-08,-18.6,-21.9,-15.3,0,190,322,10,,1036.6,
2022-11-09,-19.1,-22.6,-15.5,0,190,177,10.8,,1031.4,
2022-11-10,-12.8,-20.5,-5.1,0,160,195,8.8,,1028.7,
2022-11-11,-6.9,-14.2,0.4,0,130,208,5.5,,1025.1,
2022-11-12,-6.6,-12.7,-0.4,0,100,326,10.7,34,1022.1,
2022-11-13,-4.1,-11.7,3.5,0,110,281,7.2,41,1025,
2022-11-14,-2.6,-7.6,2.4,0,100,337,15.8,43,1029.5,
2022-11-15,-0.7,-7.2,5.9,0,,306,16.2,56,1033.7,
2022-11-16,-3.4,-7.2,0.5,0,70,330,26.5,59,1041,
2022-11-17,-9.7,-13.2,-6.1,0,50,295,17,59,1045.9,
2022-11-18,-5.1,-11.1,1,0,40,294,12.2,43,1032.2,
2022-11-19,-2.1,-12.5,8.3,0,60,279,10.5,46,1021.8,
2022-11-20,-0.1,-5.4,5.2,0,50,301,8.3,36,1019.1,
2022-11-21,1.7,-6,9.3,0,50,285,14.8,51,1016.6,
2022-11-22,6,1.8,10.2,0,40,262,11.3,52,1005.7,
2022-11-23,2.7,-1.5,6.9,0,30,282,16.5,53,1017.7,
2022-11-24,5.5,-0.4,11.3,0,30,229,14.7,63,1016.8,
2022-11-25,6.1,-0.2,12.4,0,20,265,21,63,1008.5,
2022-11-26,0.5,-4.5,5.5,0,10,216,12.5,69,1013.6,
2022-11-27,-3.6,-10.8,3.7,1.4,10,323,26.2,64,1002.4,
2022-11-28,-12.3,-14.2,-10.3,0,20,338,32.4,59,1020.6,
2022-11-29,-16.3,-18.4,-14.2,0,0,11,16.1,52,1028.4,
2022-11-30,-18.2,-20.4,-15.9,4.2,10,87,19.9,37,1020.3,
2022-12-01,-22.1,-24,-20.1,1.6,40,358,12,33,1019.4,
2022-12-02,-20,-24.6,-15.4,0,60,279,7.9,,1027.4,
2022-12-03,-9.6,-19.2,0,0,60,222,16,47,1023.2,
2022-12-04,-2.5,-7,2,0.6,60,344,17,57,1018.4,
2022-12-05,-13.2,-19.5,-6.9,5.4,80,33,17.5,57,1018.9,
2022-12-06,-21.2,-22.9,-19.5,3.5,110,143,17.9,31,1026,
2022-12-07,-9.3,-22.4,3.8,0,130,243,18.7,50,1012.6,
2022-12-08,-4.7,-10.5,1.1,0,90,236,7.6,37,1011,
2022-12-09,-5.3,-12.3,1.7,0,70,238,10.5,39,1009.9,
2022-12-10,-8.3,-13.5,-3.1,0,60,193,7.9,,1008.8,
2022-12-11,-11.9,-16.4,-7.4,0,60,348,17.2,35,1018.4,
2022-12-12,-12.7,-15.6,-9.7,0,60,316,9.8,,1026.2,
2022-12-13,-7.1,-16.3,2.2,0,60,223,10,140.4,1019.9,
2022-12-14,-6.6,-12.9,-0.2,0,50,342,17.7,190.8,1027.1,
2022-12-15,-7,-13.5,-0.4,0,50,296,10.5,154.8,1031.3,
2022-12-16,-5.3,-12,1.4,0,50,262,8.1,115.2,1022,
2022-12-17,-12.2,-21.5,-2.8,1.6,60,356,26.9,216,1024.4,
2022-12-18,-22.8,-24.9,-20.7,1.1,60,345,23.5,172.8,1030.3,
2022-12-19,-27.5,-30.4,-24.6,0,70,336,18.8,151.2,1036.7,
2022-12-20,-30.2,-32.2,-28.1,1.8,70,0,11.8,,1040.6,
2022-12-21,-29.1,-31.5,-26.6,0.2,90,339,19.6,133.2,1046.8,
2022-12-22,-27.3,-31.6,-22.9,0,70,198,11.7,,1046.4,
2022-12-23,-23.2,-28,-18.4,2,70,158,11.9,,1028.3,
2022-12-24,-8.4,-22.1,5.4,0,90,180,10.5,208.8,1019.5,
2022-12-25,-2,-9.6,5.7,0,,234,14.3,208.8,1019.9,
2022-12-26,2.9,-4.2,10,0,90,215,11.5,190.8,1004.5,
2022-12-27,1.5,-2,4.9,0.3,60,109,11.6,115.2,988,
2022-12-28,-4.8,-7.7,-1.9,1,40,25,10.4,111.6,999.2,
2022-12-29,-7.3,-11,-3.6,0,50,186,7.2,,1006.4,
2022-12-30,-2.6,-7.4,2.2,0,50,215,8,,999.7,
2022-12-31,-4.3,-10.4,1.8,0,40,352,4.5,,1004.1,
2023-01-01,-2.9,-8.2,2.4,0,30,249,5.1,,1015.8,
2023-01-02,-5.5,-12.1,1.2,0,40,196,6.1,,1013.3,
2023-01-03,-6,-13,1.1,0,50,227,5.6,,1007.3,
2023-01-04,-5.4,-11.6,0.9,0,50,319,5.8,,1017.2,
2023-01-05,-11.1,-15.8,-6.4,0,50,189,8.4,,1016.3,
2023-01-06,1,-7.8,9.7,0,50,241,10.1,151.2,1013.2,
2023-01-07,1.3,-4.6,7.1,0,40,233,7.6,172.8,1016.1,
2023-01-08,-1.6,-5.6,2.5,0,40,216,9,111.6,1008.9,
2023-01-09,0.2,-5.7,6.1,0,30,304,8.2,140.4,1006.5,
2023-01-10,-2.7,-9.7,4.4,0,30,325,7.4,122.4,1008.9,
2023-01-11,-6.9,-13,-0.8,0,30,178,6.6,,1019.2,
2023-01-12,-2.9,-11.9,6.2,0,30,208,8.9,,1018.5,
2023-01-13,2.6,-3.3,8.5,0,30,212,8.2,,1008.9,
2023-01-14,2.2,-2.5,6.8,0,20,328,7.7,,1001.5,
2023-01-15,-2.7,-5.8,0.4,0,20,168,7.6,,1002.1,
2023-01-16,-6.3,-10.2,-2.4,0,20,180,12.2,,1006,
2023-01-17,-4.1,-12.7,4.5,0,30,111,4.1,,1010.7,
2023-01-18,-2.8,-9.9,4.3,0,20,199,7.2,151.2,1009.7,
2023-01-19,-2.1,-8.8,4.7,0,20,302,16.3,169.2,1017.5,
2023-01-20,-1.1,-7.2,5,0,20,281,19.8,151.2,1022.6,
2023-01-21,5.1,1,8,0,,244,15.5,,1015.7,
2023-01-22,-0.5,-7.5,6.6,1.1,20,310,19.6,216,1018.4,
2023-01-23,-3.5,-11.8,4.8,0,20,253,22.7,223.2,1017.2,
2023-01-24,-0.8,-4.7,3.2,0,,293,18.7,201.6,1021.3,
2023-01-25,0.7,-3.9,5.3,0.2,20,298,14.5,140.4,1027.4,
2023-01-26,4.5,-0.1,9,0,20,304,19.1,244.8,1016.7,
2023-01-27,-6,-13.2,1.3,13.8,50,4,18.7,169.2,1019.7,
2023-01-28,-17.3,-21.5,-13.1,1.2,170,346,13.1,144,1036.8,
2023-01-29,-15.8,-22.3,-9.2,0.4,180,285,15.4,133.2,1034.4,
2023-01-30,-8.5,-11,-6,1.6,190,280,11.2,133.2,1022.8,
2023-01-31,-10.6,-15.7,-5.5,0,200,205,8.7,,1015,
2023-02-01,-12.6,-16.3,-8.8,0,200,78,15,140.4,1021.4,
2023-02-02,-6.5,-17.2,4.3,0,100,185,18,122.4,1022.8,
2023-02-03,3.7,-2.8,10.2,0,80,253,16,201.6,1009.2,
2023-02-04,1.6,-4.6,7.7,0,50,261,15.6,180,1009.6,
2023-02-05,1.4,-5,7.7,0,40,248,13.3,158.4,1003.5,
2023-02-06,1.4,-5.9,8.7,0,30,272,21.1,226.8,1010.7,
2023-02-07,3,-2,7.9,0,20,262,16.5,226.8,1009.7,
2023-02-08,-0.2,-4.6,4.2,0,20,289,19,212.4,1020.7,
2023-02-09,-0.4,-7.9,7.2,0,20,204,9.9,126,1023.6,
2023-02-10,1.4,-4.8,7.6,0,10,245,16.9,244.8,1014.2,
2023-02-11,1.3,-4.9,7.5,0,10,256,18.3,212.4,1015.2,
2023-02-12,4.9,-1.1,10.9,0,10,252,16.7,212.4,1008.7,
2023-02-13,2.9,-2.8,8.5,0,0,257,16,183.6,997,
2023-02-14,-5.7,-10,-1.4,0,0,206,11.2,151.2,1016.8,
2023-02-15,-4.1,-11.6,3.4,0,0,225,9.2,,1020,
2023-02-16,0.2,-8.3,8.7,0,0,243,17.5,226.8,1014,
2023-02-17,-1.1,-6,3.9,0,0,289,15.2,176.4,1014.1,
2023-02-18,0.2,-3.7,4.1,0,0,248,11.5,144,1010.6,
2023-02-19,1.2,-4.3,6.7,1.6,0,291,17.9,205.2,1005.9,
2023-02-20,-6.2,-10.5,-1.9,11.7,50,98,17,151.2,1011.3,
2023-02-21,-14.5,-20.2,-8.7,7.4,120,49,18.2,129.6,1016.8,
2023-02-22,-23.1,-26.2,-20,3,150,56,12.1,,1030.6,
2023-02-23,-27.7,-29.7,-25.7,0.4,170,54,9.9,,1037.1,
2023-02-24,-21.6,-28.4,-14.7,0,170,175,14.3,122.4,1022.7,
2023-02-25,-13.2,-19.4,-7,0,120,179,7.5,,1008.5,
2023-02-26,-7.3,-14.3,-0.2,0,100,298,7.9,,992.8,
2023-02-27,-8.3,-13.4,-3.2,0,100,179,10.1,,1003.5,
2023-02-28,-11.9,-14.1,-9.6,5.7,100,86,8.6,,1007,
2023-03-01,-8.2,-12.9,-3.4,0.2,160,182,10.9,,1008.9,
2023-03-02,-0.1,-5.3,5.2,0,130,276,21.8,284.4,996.6,
2023-03-03,-3.5,-7.8,0.8,0.6,90,265,17.7,180,1004.5,
2023-03-04,-10.4,-16,-4.8,0.2,80,38,11,,1013.7,
2023-03-05,-13.5,-17.2,-9.7,5.7,100,76,14.1,,1026.5,
2023-03-06,-18,-20.2,-15.7,0.4,150,110,10.2,,1030.4,
2023-03-07,-15.3,-18.3,-12.3,0.3,150,175,12.9,,1030.2,
2023-03-08,-14.7,-15.8,-13.6,0.4,100,108,11.3,,1033.8,
2023-03-09,-15.8,-19.3,-12.3,0.2,110,161,17.7,144,1028.8,
2023-03-10,-16,-20.3,-11.6,8.2,110,70,12.8,133.2,1015.1,
2023-03-11,-13.6,-17.1,-10.1,0.8,200,19,13.1,115.2,1024.3,
2023-03-12,-14.5,-17.5,-11.4,0,200,,,,,
2023-03-13,-9,-16.8,-1.1,0,200,158,7.3,129.6,1007.8,
2023-03-14,-4.8,-11,1.5,0.4,160,333,16.5,180,1006.6,
2023-03-15,-6.2,-13.2,0.8,0,140,23,7.4,126,1014,
2023-03-16,-3.6,-9,1.8,0,90,278,9.3,,1028.9,
2023-03-17,-4.4,-11.1,2.4,0,80,194,10,129.6,1028.1,
2023-03-18,-2.5,-9,4.1,0,40,31,7.8,,1022.3,
2023-03-19,-2.2,-9,4.7,0,40,82,6.9,,1018.6,
2023-03-20,-3.4,-9.4,2.6,0,40,356,6.4,,1014.1,
2023-03-21,-4.5,-8.1,-0.9,0,40,47,11.9,115.2,1015.1,
2023-03-22,-0.5,-9.3,8.3,0,40,194,12.3,,1012.7,
2023-03-23,0.8,-6.3,7.8,0,30,183,9.8,162,1008.5,
2023-03-24,-1.6,-6.2,3.1,0,20,15,18.1,190.8,1013,
2023-03-25,-1.5,-7.7,4.8,0,20,295,11.1,129.6,1018.7,
2023-03-26,-1.9,-4.5,0.7,0,20,18,10.9,126,1024.4,
2023-03-27,-6,-8.9,-3,2.2,30,26,11.6,118.8,1030,
2023-03-28,-6.2,-11.4,-0.9,0,50,160,9.5,111.6,1027.1,
2023-03-29,-1.4,-9.5,6.7,0,50,185,11.5,122.4,1016.9,
2023-03-30,-1.8,-5.6,2.1,0,40,117,14.8,140.4,1011.1,
2023-03-31,2.7,-6.5,11.8,0,30,238,16,162,1006,
